id,label
1,encouraging hope
2,uninvolved
3,encouraging hope
4,uninvolved
5,encouraging hope
6,encouraging hope
7,encouraging hope
8,uninvolved
9,encouraging hope
10,encouraging hope
11,uninvolved
12,uninvolved
13,encouraging hope
14,uninvolved
15,encouraging hope
16,uninvolved
17,uninvolved
18,encouraging hope
19,encouraging hope
20,encouraging hope
21,uninvolved
22,encouraging hope
23,encouraging hope
24,uninvolved
25,encouraging hope
26,uninvolved
27,uninvolved
28,encouraging hope
29,uninvolved
30,encouraging hope
31,uninvolved
32,uninvolved
33,encouraging hope
34,encouraging hope
35,uninvolved
36,uninvolved
37,encouraging hope
38,uninvolved
39,uninvolved
40,uninvolved
41,uninvolved
42,encouraging hope
43,encouraging hope
44,uninvolved
45,uninvolved
46,uninvolved
47,encouraging hope
48,uninvolved
49,uninvolved
50,encouraging hope
51,encouraging hope
52,uninvolved
53,uninvolved
54,encouraging hope
55,encouraging hope
56,uninvolved
57,encouraging hope
58,uninvolved
59,uninvolved
60,uninvolved
61,uninvolved
62,encouraging hope
63,uninvolved
64,uninvolved
65,uninvolved
66,uninvolved
67,encouraging hope
68,encouraging hope
69,encouraging hope
70,uninvolved
71,uninvolved
72,encouraging hope
73,uninvolved
74,encouraging hope
75,uninvolved
76,uninvolved
77,uninvolved
78,uninvolved
79,uninvolved
80,encouraging hope
81,uninvolved
82,encouraging hope
83,encouraging hope
84,encouraging hope
85,uninvolved
86,encouraging hope
87,encouraging hope
88,encouraging hope
89,uninvolved
90,encouraging hope
91,encouraging hope
92,uninvolved
93,encouraging hope
94,uninvolved
95,encouraging hope
96,uninvolved
97,uninvolved
98,encouraging hope
99,encouraging hope
100,uninvolved
101,encouraging hope
102,encouraging hope
103,encouraging hope
104,uninvolved
105,uninvolved
106,encouraging hope
107,encouraging hope
108,encouraging hope
109,uninvolved
110,uninvolved
111,encouraging hope
112,uninvolved
113,uninvolved
114,encouraging hope
115,encouraging hope
116,encouraging hope
117,uninvolved
118,uninvolved
119,uninvolved
120,uninvolved
121,uninvolved
122,uninvolved
123,uninvolved
124,uninvolved
125,uninvolved
126,encouraging hope
127,encouraging hope
128,encouraging hope
129,uninvolved
130,uninvolved
131,uninvolved
132,uninvolved
133,encouraging hope
134,uninvolved
135,encouraging hope
136,uninvolved
137,uninvolved
138,encouraging hope
139,encouraging hope
140,encouraging hope
141,uninvolved
142,uninvolved
143,encouraging hope
144,uninvolved
145,encouraging hope
146,encouraging hope
147,uninvolved
148,uninvolved
149,uninvolved
150,uninvolved
151,uninvolved
152,uninvolved
153,encouraging hope
154,uninvolved
155,uninvolved
156,encouraging hope
157,encouraging hope
158,encouraging hope
159,uninvolved
160,encouraging hope
161,encouraging hope
162,uninvolved
163,uninvolved
164,uninvolved
165,uninvolved
166,encouraging hope
167,uninvolved
168,uninvolved
169,encouraging hope
170,uninvolved
171,encouraging hope
172,encouraging hope
173,encouraging hope
174,uninvolved
175,encouraging hope
176,encouraging hope
177,encouraging hope
178,uninvolved
179,uninvolved
180,encouraging hope
181,encouraging hope
182,uninvolved
183,encouraging hope
184,encouraging hope
185,encouraging hope
186,uninvolved
187,encouraging hope
188,encouraging hope
189,encouraging hope
190,encouraging hope
191,encouraging hope
192,encouraging hope
193,encouraging hope
194,uninvolved
195,uninvolved
196,encouraging hope
197,uninvolved
198,encouraging hope
199,uninvolved
200,encouraging hope
201,encouraging hope
202,uninvolved
203,encouraging hope
204,uninvolved
205,uninvolved
206,uninvolved
207,uninvolved
208,encouraging hope
209,uninvolved
210,encouraging hope
211,uninvolved
212,uninvolved
213,uninvolved
214,uninvolved
215,uninvolved
216,uninvolved
217,uninvolved
218,uninvolved
219,encouraging hope
220,encouraging hope
221,uninvolved
222,uninvolved
223,uninvolved
224,encouraging hope
225,uninvolved
226,encouraging hope
227,encouraging hope
228,uninvolved
229,uninvolved
230,encouraging hope
231,encouraging hope
232,uninvolved
233,encouraging hope
234,uninvolved
235,encouraging hope
236,encouraging hope
237,uninvolved
238,uninvolved
239,uninvolved
240,encouraging hope
241,encouraging hope
242,encouraging hope
243,uninvolved
244,uninvolved
245,encouraging hope
246,encouraging hope
247,uninvolved
248,encouraging hope
249,uninvolved
250,encouraging hope
251,uninvolved
252,uninvolved
253,uninvolved
254,encouraging hope
255,encouraging hope
256,uninvolved
257,uninvolved
258,uninvolved
259,uninvolved
260,encouraging hope
261,uninvolved
262,encouraging hope
263,encouraging hope
264,uninvolved
265,encouraging hope
266,encouraging hope
267,encouraging hope
268,uninvolved
269,encouraging hope
270,uninvolved
271,encouraging hope
272,uninvolved
273,encouraging hope
274,uninvolved
275,encouraging hope
276,uninvolved
277,encouraging hope
278,uninvolved
279,uninvolved
280,uninvolved
281,uninvolved
282,uninvolved
283,uninvolved
284,uninvolved
285,uninvolved
286,uninvolved
287,uninvolved
288,uninvolved
289,uninvolved
290,uninvolved
291,encouraging hope
292,uninvolved
293,uninvolved
294,encouraging hope
295,encouraging hope
296,uninvolved
297,encouraging hope
298,uninvolved
299,encouraging hope
300,encouraging hope
301,encouraging hope
302,uninvolved
303,encouraging hope
304,encouraging hope
305,uninvolved
306,encouraging hope
307,encouraging hope
308,encouraging hope
309,encouraging hope
310,uninvolved
311,uninvolved
312,uninvolved
313,uninvolved
314,encouraging hope
315,encouraging hope
316,uninvolved
317,uninvolved
318,encouraging hope
319,encouraging hope
320,uninvolved
321,encouraging hope
322,uninvolved
323,encouraging hope
324,uninvolved
325,encouraging hope
326,uninvolved
327,uninvolved
328,uninvolved
329,uninvolved
330,encouraging hope
331,encouraging hope
332,uninvolved
333,uninvolved
334,encouraging hope
335,uninvolved
336,uninvolved
337,encouraging hope
338,encouraging hope
339,encouraging hope
340,uninvolved
341,encouraging hope
342,encouraging hope
343,uninvolved
344,encouraging hope
345,encouraging hope
346,uninvolved
347,encouraging hope
348,encouraging hope
349,uninvolved
350,uninvolved
351,encouraging hope
352,uninvolved
353,uninvolved
354,encouraging hope
355,uninvolved
356,encouraging hope
357,uninvolved
358,uninvolved
359,encouraging hope
360,uninvolved
361,uninvolved
362,encouraging hope
363,encouraging hope
364,uninvolved
365,encouraging hope
366,uninvolved
367,uninvolved
368,encouraging hope
369,uninvolved
370,encouraging hope
371,encouraging hope
372,uninvolved
373,uninvolved
374,encouraging hope
375,encouraging hope
376,uninvolved
377,uninvolved
378,encouraging hope
379,uninvolved
380,uninvolved
381,uninvolved
382,encouraging hope
383,uninvolved
384,encouraging hope
385,encouraging hope
386,encouraging hope
387,encouraging hope
388,uninvolved
389,encouraging hope
390,encouraging hope
391,uninvolved
392,uninvolved
393,uninvolved
394,encouraging hope
395,uninvolved
396,uninvolved
397,encouraging hope
398,uninvolved
399,uninvolved
400,uninvolved
401,uninvolved
402,uninvolved
403,encouraging hope
404,uninvolved
405,uninvolved
406,encouraging hope
407,uninvolved
408,uninvolved
409,uninvolved
410,uninvolved
411,uninvolved
412,encouraging hope
413,uninvolved
414,uninvolved
415,encouraging hope
416,uninvolved
417,encouraging hope
418,uninvolved
419,encouraging hope
420,encouraging hope
421,encouraging hope
422,uninvolved
423,uninvolved
424,encouraging hope
425,encouraging hope
426,uninvolved
427,encouraging hope
428,encouraging hope
429,uninvolved
430,encouraging hope
431,encouraging hope
432,uninvolved
433,encouraging hope
434,uninvolved
435,encouraging hope
436,uninvolved
437,uninvolved
438,uninvolved
439,encouraging hope
440,uninvolved
441,uninvolved
442,encouraging hope
443,uninvolved
444,uninvolved
445,uninvolved
446,encouraging hope
447,uninvolved
448,uninvolved
449,uninvolved
450,uninvolved
451,encouraging hope
452,uninvolved
453,uninvolved
454,encouraging hope
455,encouraging hope
456,uninvolved
457,encouraging hope
458,encouraging hope
459,encouraging hope
460,uninvolved
461,uninvolved
462,uninvolved
463,encouraging hope
464,encouraging hope
465,uninvolved
466,uninvolved
467,uninvolved
468,encouraging hope
469,encouraging hope
470,uninvolved
471,uninvolved
472,encouraging hope
473,encouraging hope
474,uninvolved
475,encouraging hope
476,encouraging hope
477,uninvolved
478,uninvolved
479,uninvolved
480,encouraging hope
481,uninvolved
482,uninvolved
483,uninvolved
484,encouraging hope
485,uninvolved
486,uninvolved
487,uninvolved
488,encouraging hope
489,uninvolved
490,encouraging hope
491,uninvolved
492,encouraging hope
493,uninvolved
494,encouraging hope
495,uninvolved
496,uninvolved
497,uninvolved
498,encouraging hope
499,encouraging hope
500,encouraging hope
501,encouraging hope
502,encouraging hope
503,uninvolved
504,uninvolved
505,encouraging hope
506,encouraging hope
507,encouraging hope
508,uninvolved
509,encouraging hope
510,uninvolved
511,encouraging hope
512,uninvolved
513,uninvolved
514,encouraging hope
515,uninvolved
516,encouraging hope
517,encouraging hope
518,encouraging hope
519,uninvolved
520,uninvolved
521,uninvolved
522,encouraging hope
523,uninvolved
524,uninvolved
525,uninvolved
526,encouraging hope
527,encouraging hope
528,uninvolved
529,uninvolved
530,encouraging hope
531,uninvolved
532,uninvolved
533,encouraging hope
534,uninvolved
535,encouraging hope
536,uninvolved
537,uninvolved
538,encouraging hope
539,encouraging hope
540,encouraging hope
541,encouraging hope
542,encouraging hope
543,uninvolved
544,uninvolved
545,encouraging hope
546,encouraging hope
547,uninvolved
548,encouraging hope
549,encouraging hope
550,encouraging hope
551,uninvolved
552,uninvolved
553,uninvolved
554,encouraging hope
555,encouraging hope
556,encouraging hope
557,uninvolved
558,encouraging hope
559,uninvolved
560,encouraging hope
561,uninvolved
562,encouraging hope
563,uninvolved
564,uninvolved
565,encouraging hope
566,encouraging hope
567,encouraging hope
568,uninvolved
569,encouraging hope
570,uninvolved
571,encouraging hope
572,uninvolved
573,encouraging hope
574,uninvolved
575,uninvolved
576,encouraging hope
577,encouraging hope
578,uninvolved
579,encouraging hope
580,encouraging hope
581,uninvolved
582,uninvolved
583,uninvolved
584,encouraging hope
585,encouraging hope
586,encouraging hope
587,uninvolved
588,uninvolved
589,uninvolved
590,encouraging hope
591,encouraging hope
592,uninvolved
593,uninvolved
594,encouraging hope
595,uninvolved
596,uninvolved
597,uninvolved
598,uninvolved
599,uninvolved
600,uninvolved
601,encouraging hope
602,uninvolved
603,encouraging hope
604,encouraging hope
605,encouraging hope
606,uninvolved
607,uninvolved
608,uninvolved
609,uninvolved
610,encouraging hope
611,uninvolved
612,encouraging hope
613,uninvolved
614,uninvolved
615,uninvolved
616,encouraging hope
617,uninvolved
618,uninvolved
619,encouraging hope
620,encouraging hope
621,encouraging hope
622,uninvolved
623,encouraging hope
624,uninvolved
625,uninvolved
626,encouraging hope
627,encouraging hope
628,uninvolved
629,uninvolved
630,uninvolved
631,encouraging hope
632,encouraging hope
633,encouraging hope
634,encouraging hope
635,encouraging hope
636,uninvolved
637,uninvolved
638,encouraging hope
639,encouraging hope
640,uninvolved
641,uninvolved
642,uninvolved
643,uninvolved
644,uninvolved
645,encouraging hope
646,encouraging hope
647,uninvolved
648,encouraging hope
649,uninvolved
650,encouraging hope
651,uninvolved
652,uninvolved
653,uninvolved
654,uninvolved
655,encouraging hope
656,uninvolved
657,uninvolved
658,uninvolved
659,encouraging hope
660,encouraging hope
661,encouraging hope
662,encouraging hope
663,uninvolved
664,uninvolved
665,encouraging hope
666,uninvolved
667,encouraging hope
668,uninvolved
669,encouraging hope
670,uninvolved
671,uninvolved
672,encouraging hope
673,uninvolved
674,uninvolved
675,encouraging hope
676,encouraging hope
677,uninvolved
678,encouraging hope
679,uninvolved
680,uninvolved
681,uninvolved
682,uninvolved
683,encouraging hope
684,encouraging hope
685,uninvolved
686,uninvolved
687,uninvolved
688,encouraging hope
689,uninvolved
690,encouraging hope
691,uninvolved
692,uninvolved
693,uninvolved
694,encouraging hope
695,uninvolved
696,encouraging hope
697,uninvolved
698,encouraging hope
699,uninvolved
700,uninvolved
701,uninvolved
702,uninvolved
703,uninvolved
704,encouraging hope
705,uninvolved
706,encouraging hope
707,uninvolved
708,encouraging hope
709,uninvolved
710,uninvolved
711,encouraging hope
712,encouraging hope
713,uninvolved
714,encouraging hope
715,encouraging hope
716,encouraging hope
717,uninvolved
718,encouraging hope
719,uninvolved
720,uninvolved
721,uninvolved
722,uninvolved
723,encouraging hope
724,encouraging hope
725,uninvolved
726,encouraging hope
727,encouraging hope
728,uninvolved
729,encouraging hope
730,encouraging hope
731,encouraging hope
732,uninvolved
733,uninvolved
734,uninvolved
735,uninvolved
736,uninvolved
737,uninvolved
738,uninvolved
739,encouraging hope
740,uninvolved
741,encouraging hope
742,encouraging hope
743,encouraging hope
744,encouraging hope
745,encouraging hope
746,encouraging hope
747,uninvolved
748,encouraging hope
749,encouraging hope
750,uninvolved
751,encouraging hope
752,encouraging hope
753,encouraging hope
754,encouraging hope
755,uninvolved
756,uninvolved
757,uninvolved
758,uninvolved
759,encouraging hope
760,uninvolved
761,uninvolved
762,encouraging hope
763,encouraging hope
764,uninvolved
765,encouraging hope
766,encouraging hope
767,encouraging hope
768,encouraging hope
769,uninvolved
770,uninvolved
771,uninvolved
772,uninvolved
773,uninvolved
774,uninvolved
775,uninvolved
776,encouraging hope
777,encouraging hope
778,uninvolved
779,encouraging hope
780,uninvolved
781,encouraging hope
782,encouraging hope
783,uninvolved
784,encouraging hope
785,encouraging hope
786,encouraging hope
787,encouraging hope
788,uninvolved
789,uninvolved
790,uninvolved
791,encouraging hope
792,encouraging hope
793,encouraging hope
794,encouraging hope
795,encouraging hope
796,encouraging hope
797,uninvolved
798,encouraging hope
799,uninvolved
800,uninvolved
801,uninvolved
802,uninvolved
803,uninvolved
804,uninvolved
805,uninvolved
806,encouraging hope
807,encouraging hope
808,encouraging hope
809,encouraging hope
810,encouraging hope
811,uninvolved
812,uninvolved
813,encouraging hope
814,encouraging hope
815,encouraging hope
816,encouraging hope
817,uninvolved
818,encouraging hope
819,encouraging hope
820,uninvolved
821,uninvolved
822,encouraging hope
823,uninvolved
824,encouraging hope
825,uninvolved
826,uninvolved
827,uninvolved
828,uninvolved
829,encouraging hope
830,uninvolved
831,encouraging hope
832,uninvolved
833,encouraging hope
834,encouraging hope
835,encouraging hope
836,encouraging hope
837,uninvolved
838,encouraging hope
839,encouraging hope
840,encouraging hope
841,uninvolved
842,uninvolved
843,encouraging hope
844,uninvolved
845,encouraging hope
846,encouraging hope
847,encouraging hope
848,encouraging hope
849,uninvolved
850,uninvolved
851,encouraging hope
852,encouraging hope
853,encouraging hope
854,encouraging hope
855,encouraging hope
856,uninvolved
857,uninvolved
858,uninvolved
859,uninvolved
860,uninvolved
861,uninvolved
862,encouraging hope
863,uninvolved
864,encouraging hope
865,uninvolved
866,encouraging hope
867,encouraging hope
868,uninvolved
869,encouraging hope
870,encouraging hope
871,encouraging hope
872,encouraging hope
873,uninvolved
874,encouraging hope
875,uninvolved
876,encouraging hope
877,encouraging hope
878,uninvolved
879,uninvolved
880,encouraging hope
881,encouraging hope
882,uninvolved
883,uninvolved
884,uninvolved
885,encouraging hope
886,uninvolved
887,encouraging hope
888,uninvolved
889,encouraging hope
890,uninvolved
891,uninvolved
892,encouraging hope
893,uninvolved
894,uninvolved
895,encouraging hope
896,uninvolved
897,encouraging hope
898,encouraging hope
899,encouraging hope
900,encouraging hope
901,encouraging hope
902,encouraging hope
903,encouraging hope
904,uninvolved
905,encouraging hope
906,encouraging hope
907,uninvolved
908,uninvolved
909,uninvolved
910,encouraging hope
911,uninvolved
912,encouraging hope
913,uninvolved
914,uninvolved
915,uninvolved
916,encouraging hope
917,uninvolved
918,uninvolved
919,uninvolved
920,uninvolved
921,uninvolved
922,uninvolved
923,uninvolved
924,uninvolved
925,encouraging hope
926,encouraging hope
927,uninvolved
928,uninvolved
929,uninvolved
930,uninvolved
931,uninvolved
932,encouraging hope
933,encouraging hope
934,encouraging hope
935,uninvolved
936,encouraging hope
937,encouraging hope
938,uninvolved
939,uninvolved
940,encouraging hope
941,uninvolved
942,encouraging hope
943,uninvolved
944,encouraging hope
945,encouraging hope
946,uninvolved
947,uninvolved
948,encouraging hope
949,uninvolved
950,encouraging hope
951,encouraging hope
952,uninvolved
953,uninvolved
954,uninvolved
955,uninvolved
956,encouraging hope
957,encouraging hope
958,uninvolved
959,uninvolved
960,uninvolved
961,uninvolved
962,uninvolved
963,encouraging hope
964,encouraging hope
965,encouraging hope
966,uninvolved
967,encouraging hope
968,uninvolved
969,uninvolved
970,uninvolved
971,uninvolved
972,uninvolved
973,encouraging hope
974,encouraging hope
975,encouraging hope
976,encouraging hope
977,encouraging hope
978,uninvolved
979,encouraging hope
980,encouraging hope
981,uninvolved
982,uninvolved
983,uninvolved
984,encouraging hope
985,uninvolved
986,encouraging hope
987,encouraging hope
988,uninvolved
989,uninvolved
990,encouraging hope
991,uninvolved
992,encouraging hope
993,uninvolved
994,encouraging hope
995,uninvolved
996,uninvolved
997,encouraging hope
998,encouraging hope
999,uninvolved
1000,uninvolved
1001,encouraging hope
1002,uninvolved
1003,encouraging hope
1004,encouraging hope
1005,uninvolved
1006,encouraging hope
1007,encouraging hope
1008,encouraging hope
1009,uninvolved
1010,encouraging hope
1011,encouraging hope
1012,encouraging hope
1013,encouraging hope
1014,uninvolved
1015,uninvolved
1016,uninvolved
1017,encouraging hope
1018,encouraging hope
1019,encouraging hope
1020,uninvolved
1021,encouraging hope
1022,encouraging hope
1023,uninvolved
1024,uninvolved
1025,uninvolved
1026,encouraging hope
1027,uninvolved
1028,uninvolved
1029,uninvolved
1030,encouraging hope
1031,uninvolved
1032,encouraging hope
1033,encouraging hope
1034,encouraging hope
1035,uninvolved
1036,encouraging hope
1037,encouraging hope
1038,uninvolved
1039,encouraging hope
1040,uninvolved
1041,encouraging hope
1042,uninvolved
1043,encouraging hope
1044,encouraging hope
1045,uninvolved
1046,uninvolved
1047,uninvolved
1048,uninvolved
1049,uninvolved
1050,uninvolved
1051,uninvolved
1052,encouraging hope
1053,encouraging hope
1054,uninvolved
1055,encouraging hope
1056,uninvolved
1057,uninvolved
1058,encouraging hope
1059,uninvolved
1060,encouraging hope
1061,uninvolved
1062,encouraging hope
1063,uninvolved
1064,encouraging hope
1065,uninvolved
1066,uninvolved
1067,uninvolved
1068,encouraging hope
1069,encouraging hope
1070,encouraging hope
1071,uninvolved
1072,encouraging hope
1073,encouraging hope
1074,encouraging hope
1075,uninvolved
1076,uninvolved
1077,uninvolved
1078,uninvolved
1079,encouraging hope
1080,encouraging hope
1081,uninvolved
1082,encouraging hope
1083,encouraging hope
1084,encouraging hope
1085,uninvolved
1086,encouraging hope
1087,encouraging hope
1088,encouraging hope
1089,uninvolved
1090,uninvolved
1091,uninvolved
1092,uninvolved
1093,uninvolved
1094,uninvolved
1095,uninvolved
1096,encouraging hope
1097,encouraging hope
1098,uninvolved
1099,encouraging hope
1100,encouraging hope
1101,uninvolved
1102,encouraging hope
1103,encouraging hope
1104,uninvolved
1105,uninvolved
1106,encouraging hope
1107,encouraging hope
1108,uninvolved
1109,uninvolved
1110,encouraging hope
1111,encouraging hope
1112,encouraging hope
1113,encouraging hope
1114,encouraging hope
1115,encouraging hope
1116,encouraging hope
1117,encouraging hope
1118,uninvolved
1119,uninvolved
1120,encouraging hope
1121,encouraging hope
1122,encouraging hope
1123,uninvolved
1124,uninvolved
1125,uninvolved
1126,uninvolved
1127,uninvolved
1128,uninvolved
1129,uninvolved
1130,encouraging hope
1131,uninvolved
1132,encouraging hope
1133,uninvolved
1134,uninvolved
1135,uninvolved
1136,encouraging hope
1137,encouraging hope
1138,uninvolved
1139,encouraging hope
1140,uninvolved
1141,encouraging hope
1142,encouraging hope
1143,uninvolved
1144,uninvolved
1145,encouraging hope
1146,uninvolved
1147,uninvolved
1148,encouraging hope
1149,encouraging hope
1150,encouraging hope
1151,uninvolved
1152,uninvolved
1153,uninvolved
1154,uninvolved
1155,encouraging hope
1156,encouraging hope
1157,uninvolved
1158,encouraging hope
1159,uninvolved
1160,encouraging hope
1161,encouraging hope
1162,uninvolved
1163,encouraging hope
1164,encouraging hope
1165,encouraging hope
1166,uninvolved
1167,uninvolved
1168,encouraging hope
1169,uninvolved
1170,uninvolved
1171,encouraging hope
1172,encouraging hope
1173,encouraging hope
1174,uninvolved
1175,encouraging hope
1176,encouraging hope
1177,uninvolved
1178,uninvolved
1179,uninvolved
1180,encouraging hope
1181,encouraging hope
1182,encouraging hope
1183,encouraging hope
1184,encouraging hope
1185,uninvolved
1186,uninvolved
1187,uninvolved
1188,encouraging hope
1189,uninvolved
1190,encouraging hope
1191,uninvolved
1192,uninvolved
1193,uninvolved
1194,uninvolved
1195,uninvolved
1196,uninvolved
1197,encouraging hope
1198,uninvolved
1199,uninvolved
1200,uninvolved
1201,uninvolved
1202,encouraging hope
1203,encouraging hope
1204,uninvolved
1205,uninvolved
1206,encouraging hope
1207,encouraging hope
1208,uninvolved
1209,encouraging hope
1210,uninvolved
1211,encouraging hope
1212,uninvolved
1213,uninvolved
1214,encouraging hope
1215,encouraging hope
1216,encouraging hope
1217,encouraging hope
1218,uninvolved
1219,uninvolved
1220,encouraging hope
1221,encouraging hope
1222,encouraging hope
1223,encouraging hope
1224,uninvolved
1225,uninvolved
1226,encouraging hope
1227,encouraging hope
1228,uninvolved
1229,uninvolved
1230,encouraging hope
1231,encouraging hope
1232,encouraging hope
1233,encouraging hope
1234,encouraging hope
1235,uninvolved
1236,uninvolved
1237,encouraging hope
1238,uninvolved
1239,encouraging hope
1240,uninvolved
1241,uninvolved
1242,uninvolved
1243,uninvolved
1244,uninvolved
1245,uninvolved
1246,encouraging hope
1247,uninvolved
1248,encouraging hope
1249,encouraging hope
1250,encouraging hope
1251,uninvolved
1252,uninvolved
1253,encouraging hope
1254,encouraging hope
1255,uninvolved
1256,encouraging hope
1257,encouraging hope
1258,encouraging hope
1259,uninvolved
1260,encouraging hope
1261,encouraging hope
1262,encouraging hope
1263,uninvolved
1264,uninvolved
1265,encouraging hope
1266,uninvolved
1267,uninvolved
1268,uninvolved
1269,uninvolved
1270,uninvolved
1271,encouraging hope
1272,encouraging hope
1273,uninvolved
1274,encouraging hope
1275,uninvolved
1276,uninvolved
1277,encouraging hope
1278,uninvolved
1279,uninvolved
1280,uninvolved
1281,encouraging hope
1282,uninvolved
1283,encouraging hope
1284,encouraging hope
